{"cameraMode":{"drawMode":0,"name":"Shaded","section":"Shading Mode"},"sceneLighting":true,"audioPlay":false,"sceneViewState":{"m_AlwaysRefresh":false,"showFog":true,"showSkybox":true,"showFlares":true,"showImageEffects":true,"showParticleSystems":true,"showVisualEffectGraphs":true,"m_FxEnabled":true},"in2DMode":false,"pivot":{"x":-0.040755122900009158,"y":0.10048677027225495,"z":0.03999174386262894},"rotation":{"x":0.17164255678653718,"y":-0.007386610843241215,"z":0.0012994203716516495,"w":0.9851371645927429},"size":0.14774586260318757,"orthographic":true}