{"cameraMode":{"drawMode":0,"name":"Shaded","section":"Shading Mode"},"sceneLighting":true,"audioPlay":false,"sceneViewState":{"m_AlwaysRefresh":false,"showFog":true,"showSkybox":true,"showFlares":true,"showImageEffects":true,"showParticleSystems":true,"showVisualEffectGraphs":true,"m_FxEnabled":true},"in2DMode":false,"pivot":{"x":-0.3291582763195038,"y":-0.806804895401001,"z":-1.624119758605957},"rotation":{"x":-0.33252274990081789,"y":-0.19109050929546357,"z":0.06899770349264145,"w":-0.9209443926811218},"size":0.6359946131706238,"orthographic":true}