{"cameraMode":{"drawMode":0,"name":"Shaded","section":"Shading Mode"},"sceneLighting":true,"audioPlay":false,"sceneViewState":{"m_AlwaysRefresh":false,"showFog":true,"showSkybox":true,"showFlares":true,"showImageEffects":true,"showParticleSystems":true,"showVisualEffectGraphs":true,"m_FxEnabled":true},"in2DMode":false,"pivot":{"x":-0.01748807728290558,"y":0.09696856886148453,"z":-0.06257051974534989},"rotation":{"x":0.2163841426372528,"y":0.04976768419146538,"z":-0.01104473415762186,"w":0.9749765396118164},"size":0.1545405089855194,"orthographic":true}