{"cameraMode":{"drawMode":0,"name":"Shaded","section":"Shading Mode"},"sceneLighting":true,"audioPlay":false,"sceneViewState":{"m_AlwaysRefresh":false,"showFog":true,"showSkybox":true,"showFlares":true,"showImageEffects":true,"showParticleSystems":true,"showVisualEffectGraphs":true,"m_FxEnabled":true},"in2DMode":false,"pivot":{"x":684.7327880859375,"y":303.4998474121094,"z":509.0540771484375},"rotation":{"x":0.022485461086034776,"y":-0.032984986901283267,"z":0.0007410878897644579,"w":0.9992084503173828},"size":574.550048828125,"orthographic":true}