{"cameraMode":{"drawMode":0,"name":"Shaded","section":"Shading Mode"},"sceneLighting":true,"audioPlay":false,"sceneViewState":{"m_AlwaysRefresh":false,"showFog":true,"showSkybox":true,"showFlares":true,"showImageEffects":true,"showParticleSystems":true,"showVisualEffectGraphs":true,"m_FxEnabled":true},"in2DMode":false,"pivot":{"x":-0.07463214546442032,"y":0.10785217583179474,"z":0.08733201026916504},"rotation":{"x":0.3897331655025482,"y":-0.024591704830527307,"z":0.01040230505168438,"w":0.920520544052124},"size":3.6097068786621095,"orthographic":true}