{"cameraMode":{"drawMode":0,"name":"Shaded","section":"Shading Mode"},"sceneLighting":true,"audioPlay":false,"sceneViewState":{"m_AlwaysRefresh":false,"showFog":true,"showSkybox":true,"showFlares":true,"showImageEffects":true,"showParticleSystems":true,"showVisualEffectGraphs":true,"m_FxEnabled":true},"in2DMode":false,"pivot":{"x":0.005561858415603638,"y":0.06145542860031128,"z":-0.013169527053833008},"rotation":{"x":0.1743019074201584,"y":0.05756857246160507,"z":-0.010208312422037125,"w":0.9829553961753845},"size":2.6514880657196047,"orthographic":true}